Title,Description,Date,Link
"To enhance Siri, Apple is testing “Natural Language Generation” AI",Apple's customers are known to be extremely loyal. It also means that we go to great lengths to protect Apple's practices and products. Despite their.,2 hours ago,https://www.bollyinside.com/news/technology/to-enhance-siri-apple-is-testing-natural-language-generation-ai/
AAPL Stock: $195 Price Target Received,The shares of Apple Inc (NASDAQ: AAPL) recently received a $195 price target. These are the details.,3 hours ago,https://pulse2.com/aapl-stock-195-price-target-received/
Qualcomm Could Beat Apple in EV Race for One Reason,Qualcomm could beat Apple in the ongoing EV race. Here's what the chipmaker has that the iPhone maker lacks of.,5 hours ago,https://www.techtimes.com/articles/289187/20230318/qualcomm-beat-apple-ev-race-one-reason.htm
Apple Inc. (NASDAQ:AAPL) Stock Position Boosted by Noked Israel Ltd,"Noked Israel Ltd increased its holdings in shares of Apple Inc. (NASDAQ:AAPL – Get Rating) by 9,771.0% during the 3rd quarter, according to its most recent...",5 hours ago,https://www.defenseworld.net/2023/03/18/apple-inc-nasdaqaapl-stock-position-boosted-by-noked-israel-ltd.html
Bartlett & Co. LLC Trims Stake in Apple Inc. (NASDAQ:AAPL),"Bartlett & Co. LLC cut its holdings in Apple Inc. (NASDAQ:AAPL – Get Rating) by 1.0% during the fourth quarter, according to the company in its most recent...",5 hours ago,https://www.defenseworld.net/2023/03/18/bartlett-co-llc-trims-stake-in-apple-inc-nasdaqaapl.html
Apple Inc. (NASDAQ:AAPL) Shares Sold by Fulton Bank N.A.,"Fulton Bank N.A. trimmed its stake in Apple Inc. (NASDAQ:AAPL – Get Rating) by 0.9% in the fourth quarter, according to its most recent Form 13F filing with...",5 hours ago,https://www.defenseworld.net/2023/03/18/apple-inc-nasdaqaapl-shares-sold-by-fulton-bank-n-a.html
Apple Inc. (NASDAQ:AAPL) is Trust Co. of Toledo NA OH's 4th Largest Position,"Trust Co. of Toledo NA OH lessened its stake in shares of Apple Inc. (NASDAQ:AAPL – Get Rating) by 0.9% in the fourth quarter, according to the company in...",5 hours ago,https://www.defenseworld.net/2023/03/18/apple-inc-nasdaqaapl-is-trust-co-of-toledo-na-ohs-4th-largest-position.html
Hofer & Associates. Inc Buys 765 Shares of Apple Inc. (NASDAQ:AAPL),"Hofer & Associates. Inc increased its stake in Apple Inc. (NASDAQ:AAPL – Get Rating) by 3.4% in the third quarter, according to the company in its most...",5 hours ago,https://www.defenseworld.net/2023/03/18/hofer-associates-inc-buys-765-shares-of-apple-inc-nasdaqaapl.html
Apple Inc. (NASDAQ:AAPL) Stake Cut by Headinvest LLC,"Headinvest LLC trimmed its stake in Apple Inc. (NASDAQ:AAPL – Get Rating) by 3.9% during the third quarter, according to its most recent disclosure with the...",5 hours ago,https://www.defenseworld.net/2023/03/18/apple-inc-nasdaqaapl-stake-cut-by-headinvest-llc.html
Apple Inc. (NASDAQ:AAPL) Shares Sold by Versant Capital Management Inc,"Versant Capital Management Inc trimmed its stake in shares of Apple Inc. (NASDAQ:AAPL – Get Rating) by 1.9% in the 3rd quarter, according to the company in...",5 hours ago,https://www.defenseworld.net/2023/03/18/apple-inc-nasdaqaapl-shares-sold-by-versant-capital-management-inc.html
